First_Name,Surname,Student_ID,Email,Gender,Domestic_International,Academic_Program,Career_Goals,Hobbies_original,Personal_Values,Availability
Name0,Surname0,17720147,email0@example.com,Female,International,Earth & Space Science & Engineering,Unsure,Learning to dance salsa and other styles,Integrity,"['Wednesday morning', 'Monday evening', 'Tuesday afternoon']"
Name1,Surname1,45964159,email1@example.com,Male,International,Mechanical Engineering,Unsure,Creating short films and video content,Creativity,"['Tuesday afternoon', 'Friday afternoon', 'Friday morning']"
Name2,Surname2,80284407,email2@example.com,Female,International,Electrical Engineering & Computer Science,Corporate,Exploring urban art and street murals,Collaboration and teamwork,"['Thursday afternoon', 'Friday morning', 'Tuesday morning']"
Name3,Surname3,81560973,email3@example.com,Male,Domestic,Civil Engineering,Non-profit,Skiing,Growth and learning,"['Tuesday evening', 'Wednesday evening', 'Friday morning']"
Name4,Surname4,31780211,email4@example.com,Female,International,Electrical Engineering & Computer Science,Corporate,Engaging in team sports like soccer and basketball,Integrity,"['Wednesday afternoon', 'Thursday afternoon', 'Tuesday evening']"
Name5,Surname5,29030037,email5@example.com,Female,International,Earth & Space Science & Engineering,Non-profit,Cooking international cuisines at home,Preference for novelty,"['Monday evening', 'Friday afternoon', 'Thursday afternoon']"
Name6,Surname6,12706328,email6@example.com,Other/Prefer not to say,International,Electrical Engineering & Computer Science,Corporate,Yoga,Growth and learning,"['Tuesday morning', 'Friday afternoon', 'Thursday morning']"
Name7,Surname7,60156132,email7@example.com,Male,International,Earth & Space Science & Engineering,Research,Exploring local music scenes and bands,Growth and learning,"['Wednesday morning', 'Monday afternoon', 'Friday afternoon']"
Name8,Surname8,23942671,email8@example.com,Female,International,Electrical Engineering & Computer Science,Entrepreneurship,Joining a local sports league for fun and fitness,Preference for novelty,"['Thursday evening', 'Tuesday afternoon', 'Thursday morning']"
Name9,Surname9,78920241,email9@example.com,Male,International,Electrical Engineering & Computer Science,Corporate,Building model airplanes and trains,Creativity,"['Monday evening', 'Tuesday evening', 'Thursday morning']"
Name10,Surname10,45160404,email10@example.com,Other/Prefer not to say,International,Electrical Engineering & Computer Science,Non-profit,Taking part in charity runs and events,Collaboration and teamwork,"['Monday morning', 'Tuesday evening', 'Tuesday morning']"
Name11,Surname11,41245725,email11@example.com,Male,International,Earth & Space Science & Engineering,Non-profit,Reading books and going shopping,Preference for novelty,"['Monday morning', 'Tuesday afternoon', 'Tuesday evening']"
Name12,Surname12,58718529,email12@example.com,Female,International,Electrical Engineering & Computer Science,Entrepreneurship,Playing guitar and listening to music,Creativity,"['Tuesday afternoon', 'Wednesday afternoon', 'Friday afternoon']"
Name13,Surname13,39484357,email13@example.com,Male,International,Earth & Space Science & Engineering,Non-profit,Binge-watching TV series on streaming platforms,Growth and learning,"['Monday evening', 'Monday morning', 'Wednesday evening']"
Name14,Surname14,16851732,email14@example.com,Male,International,Earth & Space Science & Engineering,Corporate,Rock climbing as an adventurous sport,Ambition and achievement,"['Thursday morning', 'Tuesday afternoon', 'Friday evening']"
Name15,Surname15,94241728,email15@example.com,Male,International,Civil Engineering,Entrepreneurship,Learning about marine biology and ocean life,Growth and learning,"['Thursday evening', 'Tuesday morning', 'Monday afternoon']"
Name16,Surname16,24627345,email16@example.com,Female,International,Civil Engineering,Unsure,Participating in escape room challenges,Ambition and achievement,"['Wednesday morning', 'Wednesday evening', 'Friday afternoon']"
Name17,Surname17,96374112,email17@example.com,Male,International,Electrical Engineering & Computer Science,Corporate,Building and collecting model trains,Creativity,"['Wednesday evening', 'Friday evening', 'Tuesday morning']"
Name18,Surname18,96339798,email18@example.com,Male,International,Civil Engineering,Non-profit,Coding and programming,Growth and learning,"['Monday afternoon', 'Wednesday morning', 'Friday evening']"
Name19,Surname19,63450255,email19@example.com,Male,International,Mechanical Engineering,Unsure,Fishing,Collaboration and teamwork,"['Friday evening', 'Friday afternoon', 'Tuesday evening']"
Name20,Surname20,54062430,email20@example.com,Male,International,Civil Engineering,Corporate,Going on photography excursions for new shots,Collaboration and teamwork,"['Friday morning', 'Thursday morning', 'Monday morning']"
Name21,Surname21,18300417,email21@example.com,Female,International,Mechanical Engineering,Non-profit,Taking part in charity runs and events,Creativity,"['Thursday afternoon', 'Tuesday morning', 'Thursday morning']"
Name22,Surname22,97256174,email22@example.com,Other/Prefer not to say,International,Electrical Engineering & Computer Science,Unsure,Building model airplanes and trains,Creativity,"['Monday morning', 'Tuesday morning', 'Thursday afternoon']"
Name23,Surname23,30125762,email23@example.com,Female,International,Mechanical Engineering,Entrepreneurship,Playing chess with friends,Concern for others,"['Friday afternoon', 'Monday afternoon', 'Monday morning']"
Name24,Surname24,29115019,email24@example.com,Male,International,Electrical Engineering & Computer Science,Corporate,Baking,Collaboration and teamwork,"['Friday afternoon', 'Monday evening', 'Wednesday morning']"
Name25,Surname25,62132695,email25@example.com,Male,International,Electrical Engineering & Computer Science,Corporate,Experimenting with new recipes in the kitchen,Ambition and achievement,"['Thursday afternoon', 'Monday morning', 'Friday evening']"
Name26,Surname26,13207951,email26@example.com,Male,International,Electrical Engineering & Computer Science,Non-profit,Cycling,Concern for others,"['Wednesday morning', 'Wednesday evening', 'Tuesday afternoon']"
Name27,Surname27,82472304,email27@example.com,Male,International,Electrical Engineering & Computer Science,Corporate,Trying out new hobbies as they come up,Integrity,"['Friday afternoon', 'Tuesday afternoon', 'Thursday afternoon']"
Name28,Surname28,61200007,email28@example.com,Male,International,Earth & Space Science & Engineering,Entrepreneurship,Yoga,Preference for novelty,"['Thursday evening', 'Friday afternoon', 'Tuesday morning']"
Name29,Surname29,13402713,email29@example.com,Female,Domestic,Earth & Space Science & Engineering,Corporate,Cooking international cuisines at home,Ambition and achievement,"['Friday morning', 'Thursday morning', 'Tuesday morning']"
Name30,Surname30,72294216,email30@example.com,Male,International,Earth & Space Science & Engineering,Entrepreneurship,Learning to cook gourmet dishes at home,Ambition and achievement,"['Tuesday morning', 'Thursday afternoon', 'Monday morning']"
Name31,Surname31,33108787,email31@example.com,Other/Prefer not to say,International,Earth & Space Science & Engineering,Non-profit,Engaging in creative writing projects,Ambition and achievement,"['Wednesday morning', 'Wednesday evening', 'Monday morning']"
Name32,Surname32,54783545,email32@example.com,Male,Domestic,Earth & Space Science & Engineering,Corporate,Trying out new hobbies as they come up,Growth and learning,"['Friday morning', 'Thursday afternoon', 'Thursday evening']"
Name33,Surname33,66235458,email33@example.com,Male,International,Civil Engineering,Research,Camping with friends and family,Collaboration and teamwork,"['Monday evening', 'Thursday evening', 'Friday afternoon']"
Name34,Surname34,20651470,email34@example.com,Male,International,Mechanical Engineering,Entrepreneurship,Participating in community theater productions,Preference for novelty,"['Wednesday morning', 'Thursday afternoon', 'Friday afternoon']"
Name35,Surname35,32245540,email35@example.com,Male,International,Mechanical Engineering,Research,Trying new fitness routines at the gym,Integrity,"['Tuesday morning', 'Monday morning', 'Wednesday morning']"
Name36,Surname36,71889274,email36@example.com,Female,International,Earth & Space Science & Engineering,Unsure,Cycling,Collaboration and teamwork,"['Thursday afternoon', 'Monday afternoon', 'Thursday morning']"
Name37,Surname37,61711956,email37@example.com,Male,International,Civil Engineering,Research,Binge-watching TV series on streaming platforms,Collaboration and teamwork,"['Friday afternoon', 'Tuesday afternoon', 'Wednesday afternoon']"
Name38,Surname38,10395815,email38@example.com,Male,International,Electrical Engineering & Computer Science,Non-profit,Yoga,Creativity,"['Friday afternoon', 'Wednesday morning', 'Tuesday evening']"
Name39,Surname39,60471280,email39@example.com,Male,International,Mechanical Engineering,Corporate,Exploring new hiking trails and scenic spots,Concern for others,"['Monday evening', 'Friday evening', 'Friday morning']"
Name40,Surname40,52916916,email40@example.com,Female,International,Civil Engineering,Research,Learning about astronomy and stargazing,Preference for novelty,"['Thursday morning', 'Monday afternoon', 'Wednesday afternoon']"
Name41,Surname41,78517369,email41@example.com,Other/Prefer not to say,International,Mechanical Engineering,Entrepreneurship,Travel photography,Ambition and achievement,"['Thursday morning', 'Monday morning', 'Friday morning']"
Name42,Surname42,38480258,email42@example.com,Other/Prefer not to say,International,Earth & Space Science & Engineering,Non-profit,Practicing mindfulness through meditation,Collaboration and teamwork,"['Tuesday afternoon', 'Wednesday afternoon', 'Friday afternoon']"
Name43,Surname43,35774892,email43@example.com,Male,Domestic,Earth & Space Science & Engineering,Corporate,Traveling and taking photos,Collaboration and teamwork,"['Monday afternoon', 'Tuesday morning', 'Friday morning']"
Name44,Surname44,24085570,email44@example.com,Other/Prefer not to say,International,Electrical Engineering & Computer Science,Non-profit,Knitting scarves and sweaters,Collaboration and teamwork,"['Tuesday evening', 'Friday afternoon', 'Wednesday morning']"
Name45,Surname45,23405104,email45@example.com,Other/Prefer not to say,International,Electrical Engineering & Computer Science,Research,Sewing clothes and accessories,Growth and learning,"['Wednesday afternoon', 'Friday evening', 'Thursday evening']"
Name46,Surname46,68365907,email46@example.com,Male,International,Earth & Space Science & Engineering,Unsure,Watching Netflix series,Ambition and achievement,"['Monday afternoon', 'Wednesday morning', 'Thursday afternoon']"
Name47,Surname47,12436227,email47@example.com,Male,International,Civil Engineering,Non-profit,Exploring different art forms like sculpture and painting,Preference for novelty,"['Tuesday evening', 'Monday evening', 'Friday afternoon']"
Name48,Surname48,59172855,email48@example.com,Other/Prefer not to say,International,Electrical Engineering & Computer Science,Corporate,Travel photography to capture memories,Ambition and achievement,"['Thursday evening', 'Thursday afternoon', 'Wednesday evening']"
Name49,Surname49,96170554,email49@example.com,Other/Prefer not to say,International,Mechanical Engineering,Non-profit,Dancing to my favorite music,Creativity,"['Thursday afternoon', 'Friday morning', 'Wednesday evening']"
Name50,Surname50,56992134,email50@example.com,Female,Domestic,Civil Engineering,Entrepreneurship,Learning about sustainable living practices,Growth and learning,"['Monday afternoon', 'Tuesday afternoon', 'Thursday evening']"
Name51,Surname51,48921343,email51@example.com,Female,International,Electrical Engineering & Computer Science,Entrepreneurship,Exploring local farmer’s markets for fresh produce,Integrity,"['Monday morning', 'Thursday afternoon', 'Friday afternoon']"
Name52,Surname52,73402375,email52@example.com,Other/Prefer not to say,International,Electrical Engineering & Computer Science,Entrepreneurship,Exploring different art forms like sculpture and painting,Collaboration and teamwork,"['Wednesday morning', 'Monday morning', 'Tuesday evening']"
Name53,Surname53,13407478,email53@example.com,Male,International,Mechanical Engineering,Corporate,Working on jigsaw puzzles for relaxation,Ambition and achievement,"['Monday afternoon', 'Monday morning', 'Wednesday evening']"
Name54,Surname54,63339970,email54@example.com,Other/Prefer not to say,International,Civil Engineering,Research,Drawing and painting,Preference for novelty,"['Wednesday evening', 'Tuesday afternoon', 'Monday morning']"
Name55,Surname55,89013076,email55@example.com,Male,International,Earth & Space Science & Engineering,Research,I spend a lot of time coding and playing computer games,Growth and learning,"['Tuesday evening', 'Thursday morning', 'Monday afternoon']"
Name56,Surname56,72888587,email56@example.com,Male,International,Civil Engineering,Entrepreneurship,Participating in trivia games and quizzes,Integrity,"['Thursday afternoon', 'Wednesday afternoon', 'Monday afternoon']"
Name57,Surname57,76852110,email57@example.com,Male,International,Earth & Space Science & Engineering,Entrepreneurship,Bird watching in the local park,Preference for novelty,"['Friday morning', 'Monday afternoon', 'Tuesday afternoon']"
Name58,Surname58,17979766,email58@example.com,Male,International,Mechanical Engineering,Research,Participating in local theater and acting,Creativity,"['Wednesday morning', 'Thursday evening', 'Tuesday afternoon']"
Name59,Surname59,52727146,email59@example.com,Female,Domestic,Earth & Space Science & Engineering,Research,Trying out new board games with family,Ambition and achievement,"['Friday afternoon', 'Thursday evening', 'Thursday morning']"
Name60,Surname60,62593770,email60@example.com,Female,Domestic,Earth & Space Science & Engineering,Corporate,Learning new languages for fun,Concern for others,"['Friday evening', 'Tuesday evening', 'Monday afternoon']"
Name61,Surname61,22630764,email61@example.com,Other/Prefer not to say,Domestic,Mechanical Engineering,Corporate,Coding and programming,Creativity,"['Wednesday morning', 'Wednesday evening', 'Friday evening']"
Name62,Surname62,56957987,email62@example.com,Female,International,Earth & Space Science & Engineering,Entrepreneurship,Participating in trivia games and quizzes,Integrity,"['Tuesday evening', 'Thursday morning', 'Friday morning']"
Name63,Surname63,28443338,email63@example.com,Female,International,Earth & Space Science & Engineering,Research,Traveling and taking photos,Integrity,"['Thursday afternoon', 'Wednesday evening', 'Wednesday afternoon']"
Name64,Surname64,47473154,email64@example.com,Male,International,Civil Engineering,Unsure,Participating in cosplay and dressing up as favorite characters,Preference for novelty,"['Monday afternoon', 'Thursday morning', 'Wednesday evening']"
Name65,Surname65,68246537,email65@example.com,Male,Domestic,Earth & Space Science & Engineering,Research,Walking my dogs in the park,Integrity,"['Friday afternoon', 'Tuesday morning', 'Thursday evening']"
Name66,Surname66,84555944,email66@example.com,Male,Domestic,Electrical Engineering & Computer Science,Non-profit,Learning to dance salsa and other styles,Creativity,"['Wednesday evening', 'Tuesday afternoon', 'Tuesday evening']"
Name67,Surname67,37458973,email67@example.com,Female,International,Civil Engineering,Corporate,Studying foreign languages,Integrity,"['Thursday evening', 'Monday evening', 'Thursday afternoon']"
Name68,Surname68,50542005,email68@example.com,Male,International,Earth & Space Science & Engineering,Non-profit,Participating in escape room challenges,Preference for novelty,"['Thursday morning', 'Tuesday evening', 'Wednesday evening']"
Name69,Surname69,40853211,email69@example.com,Female,International,Civil Engineering,Unsure,Trying new fitness routines at the gym,Concern for others,"['Wednesday morning', 'Monday morning', 'Friday evening']"
Name70,Surname70,67124770,email70@example.com,Male,International,Electrical Engineering & Computer Science,Corporate,Learning about AI and machine learning,Creativity,"['Thursday evening', 'Thursday morning', 'Wednesday afternoon']"
Name71,Surname71,25171732,email71@example.com,Female,Domestic,Civil Engineering,Corporate,Cycling around the neighborhood,Integrity,"['Friday evening', 'Monday morning', 'Thursday evening']"
Name72,Surname72,46638561,email72@example.com,Other/Prefer not to say,International,Electrical Engineering & Computer Science,Corporate,Walking my dogs in the park,Growth and learning,"['Thursday morning', 'Thursday afternoon', 'Friday evening']"
Name73,Surname73,67292958,email73@example.com,Male,International,Earth & Space Science & Engineering,Research,Reading graphic novels and manga,Preference for novelty,"['Tuesday afternoon', 'Wednesday morning', 'Thursday morning']"
Name74,Surname74,75959765,email74@example.com,Male,Domestic,Mechanical Engineering,Research,Joining a book club for lively discussions,Preference for novelty,"['Friday evening', 'Monday evening', 'Wednesday afternoon']"
Name75,Surname75,47424472,email75@example.com,Male,International,Earth & Space Science & Engineering,Non-profit,Practicing mindfulness and relaxation techniques,Integrity,"['Tuesday afternoon', 'Monday evening', 'Wednesday afternoon']"
Name76,Surname76,25104728,email76@example.com,Male,International,Mechanical Engineering,Unsure,Participating in cosplay and dressing up as favorite characters,Integrity,"['Wednesday afternoon', 'Monday morning', 'Thursday afternoon']"
Name77,Surname77,25247476,email77@example.com,Male,Domestic,Mechanical Engineering,Corporate,Practicing martial arts for fitness and discipline,Preference for novelty,"['Tuesday evening', 'Tuesday afternoon', 'Thursday morning']"
Name78,Surname78,96130424,email78@example.com,Female,International,Electrical Engineering & Computer Science,Entrepreneurship,Traveling for culinary experiences and trying new foods,Ambition and achievement,"['Friday evening', 'Wednesday morning', 'Friday afternoon']"
Name79,Surname79,58899817,email79@example.com,Male,Domestic,Civil Engineering,Corporate,Taking part in charity runs and events,Creativity,"['Wednesday afternoon', 'Monday morning', 'Friday afternoon']"
Name80,Surname80,49458207,email80@example.com,Female,Domestic,Mechanical Engineering,Research,Binge-watching TV series on streaming platforms,Concern for others,"['Wednesday evening', 'Thursday evening', 'Thursday afternoon']"
Name81,Surname81,28035488,email81@example.com,Male,International,Mechanical Engineering,Entrepreneurship,Acting in local theater productions,Collaboration and teamwork,"['Monday morning', 'Thursday afternoon', 'Wednesday evening']"
Name82,Surname82,37369524,email82@example.com,Male,International,Electrical Engineering & Computer Science,Non-profit,Learning to cook gourmet dishes at home,Ambition and achievement,"['Thursday morning', 'Wednesday afternoon', 'Friday afternoon']"
Name83,Surname83,47954563,email83@example.com,Other/Prefer not to say,Domestic,Civil Engineering,Unsure,Stargazing and learning about constellations,Creativity,"['Wednesday afternoon', 'Tuesday morning', 'Tuesday afternoon']"
Name84,Surname84,57469410,email84@example.com,Male,Domestic,Electrical Engineering & Computer Science,Non-profit,Knitting,Concern for others,"['Friday morning', 'Wednesday evening', 'Monday morning']"
Name85,Surname85,45507735,email85@example.com,Female,International,Earth & Space Science & Engineering,Unsure,Attending film festivals and screenings,Ambition and achievement,"['Thursday evening', 'Wednesday evening', 'Monday evening']"
Name86,Surname86,22449610,email86@example.com,Male,International,Electrical Engineering & Computer Science,Non-profit,Baking delicious treats and pastries,Integrity,"['Monday morning', 'Monday evening', 'Friday morning']"
Name87,Surname87,71638571,email87@example.com,Female,International,Civil Engineering,Research,Hanging out with friends on weekends,Creativity,"['Friday afternoon', 'Tuesday afternoon', 'Wednesday morning']"
Name88,Surname88,90705264,email88@example.com,Male,International,Mechanical Engineering,Non-profit,Wine tasting and exploring different varieties,Creativity,"['Wednesday afternoon', 'Friday afternoon', 'Tuesday morning']"
Name89,Surname89,38949569,email89@example.com,Female,International,Civil Engineering,Unsure,Drawing and painting,Ambition and achievement,"['Wednesday morning', 'Friday morning', 'Thursday morning']"
Name90,Surname90,14461734,email90@example.com,Other/Prefer not to say,International,Mechanical Engineering,Non-profit,Stargazing and learning about constellations,Growth and learning,"['Friday morning', 'Monday morning', 'Wednesday morning']"
Name91,Surname91,91582203,email91@example.com,Other/Prefer not to say,Domestic,Civil Engineering,Unsure,Creating digital art as a hobby,Preference for novelty,"['Thursday afternoon', 'Wednesday afternoon', 'Wednesday morning']"
Name92,Surname92,10609602,email92@example.com,Female,International,Earth & Space Science & Engineering,Research,Binge-watching TV series on streaming platforms,Collaboration and teamwork,"['Friday evening', 'Monday afternoon', 'Thursday evening']"
Name93,Surname93,54656644,email93@example.com,Male,International,Electrical Engineering & Computer Science,Research,Camping with friends and family,Preference for novelty,"['Thursday afternoon', 'Monday morning', 'Wednesday morning']"
Name94,Surname94,77259896,email94@example.com,Male,International,Earth & Space Science & Engineering,Unsure,Creating handmade jewelry,Growth and learning,"['Tuesday morning', 'Friday afternoon', 'Wednesday evening']"
Name95,Surname95,76962727,email95@example.com,Male,Domestic,Electrical Engineering & Computer Science,Research,Taking online courses to expand my knowledge,Concern for others,"['Thursday afternoon', 'Tuesday evening', 'Friday afternoon']"
Name96,Surname96,60037272,email96@example.com,Male,International,Civil Engineering,Entrepreneurship,Collecting antique items,Creativity,"['Thursday morning', 'Tuesday evening', 'Thursday evening']"
Name97,Surname97,64196187,email97@example.com,Male,International,Earth & Space Science & Engineering,Unsure,Volunteering at local charities,Creativity,"['Tuesday morning', 'Monday morning', 'Thursday afternoon']"
Name98,Surname98,88266419,email98@example.com,Male,International,Earth & Space Science & Engineering,Non-profit,Exploring nature trails and enjoying the outdoors,Creativity,"['Tuesday evening', 'Wednesday afternoon', 'Wednesday morning']"
Name99,Surname99,51391460,email99@example.com,Male,International,Civil Engineering,Corporate,Going on photography excursions for new shots,Ambition and achievement,"['Wednesday afternoon', 'Tuesday evening', 'Tuesday afternoon']"
Name100,Surname100,35197211,email100@example.com,Female,International,Electrical Engineering & Computer Science,Research,Participating in craft fairs and markets,Integrity,"['Tuesday evening', 'Wednesday evening', 'Thursday morning']"
Name101,Surname101,56062011,email101@example.com,Male,International,Civil Engineering,Non-profit,I love learning new things,Preference for novelty,"['Friday afternoon', 'Friday morning', 'Monday evening']"
Name102,Surname102,38135550,email102@example.com,Male,International,Civil Engineering,Corporate,Going to live music concerts,Concern for others,"['Wednesday morning', 'Thursday morning', 'Thursday evening']"
Name103,Surname103,42820695,email103@example.com,Female,International,Mechanical Engineering,Non-profit,Trying out new recipes and cooking techniques,Ambition and achievement,"['Tuesday evening', 'Monday evening', 'Friday morning']"
Name104,Surname104,52091483,email104@example.com,Other/Prefer not to say,International,Mechanical Engineering,Entrepreneurship,Trying out new recipes and cooking techniques,Creativity,"['Tuesday morning', 'Monday evening', 'Monday morning']"
Name105,Surname105,44881733,email105@example.com,Male,International,Mechanical Engineering,Research,Collecting vintage vinyl records for my collection,Integrity,"['Tuesday evening', 'Wednesday afternoon', 'Friday afternoon']"
Name106,Surname106,78914213,email106@example.com,Male,Domestic,Electrical Engineering & Computer Science,Corporate,Playing chess with friends,Creativity,"['Thursday morning', 'Friday morning', 'Wednesday afternoon']"
Name107,Surname107,58547504,email107@example.com,Male,International,Civil Engineering,Research,Experimenting with new recipes in the kitchen,Ambition and achievement,"['Thursday evening', 'Friday morning', 'Thursday afternoon']"
Name108,Surname108,34314219,email108@example.com,Male,International,Electrical Engineering & Computer Science,Unsure,Camping,Integrity,"['Thursday morning', 'Tuesday afternoon', 'Thursday evening']"
Name109,Surname109,98836255,email109@example.com,Female,International,Mechanical Engineering,Corporate,Participating in trivia games and quizzes,Concern for others,"['Thursday afternoon', 'Thursday evening', 'Thursday morning']"
Name110,Surname110,99542817,email110@example.com,Male,International,Earth & Space Science & Engineering,Research,Writing poetry=,Concern for others,"['Friday evening', 'Wednesday evening', 'Friday afternoon']"
Name111,Surname111,86143621,email111@example.com,Male,International,Civil Engineering,Unsure,Building and collecting model trains,Preference for novelty,"['Monday evening', 'Tuesday afternoon', 'Tuesday evening']"
Name112,Surname112,97892477,email112@example.com,Female,International,Electrical Engineering & Computer Science,Unsure,Taking online courses to expand my knowledge,Concern for others,"['Friday afternoon', 'Thursday evening', 'Monday evening']"
Name113,Surname113,29448052,email113@example.com,Male,International,Electrical Engineering & Computer Science,Non-profit,I travel a lot and spend quality time with my family,Collaboration and teamwork,"['Friday evening', 'Friday morning', 'Wednesday morning']"
Name114,Surname114,85396534,email114@example.com,Male,International,Civil Engineering,Non-profit,Cooking and gardening,Creativity,"['Monday morning', 'Thursday evening', 'Friday evening']"
Name115,Surname115,82033102,email115@example.com,Male,International,Earth & Space Science & Engineering,Unsure,Reading,Integrity,"['Monday afternoon', 'Thursday evening', 'Tuesday afternoon']"
Name116,Surname116,24970548,email116@example.com,Male,International,Electrical Engineering & Computer Science,Entrepreneurship,Coding and programming,Growth and learning,"['Tuesday evening', 'Thursday afternoon', 'Wednesday afternoon']"
Name117,Surname117,42178016,email117@example.com,Female,Domestic,Mechanical Engineering,Unsure,Playing chess with friends,Preference for novelty,"['Friday evening', 'Monday morning', 'Thursday morning']"
Name118,Surname118,76098214,email118@example.com,Female,Domestic,Electrical Engineering & Computer Science,Research,Participating in creative writing workshops,Integrity,"['Thursday afternoon', 'Wednesday afternoon', 'Tuesday afternoon']"
Name119,Surname119,46152726,email119@example.com,Male,International,Civil Engineering,Entrepreneurship,Sewing clothes and accessories,Growth and learning,"['Friday evening', 'Thursday evening', 'Thursday morning']"
Name120,Surname120,54321275,email120@example.com,Male,International,Civil Engineering,Entrepreneurship,Experimenting with new dance styles like hip-hop,Creativity,"['Tuesday morning', 'Friday evening', 'Wednesday evening']"
Name121,Surname121,52826539,email121@example.com,Male,International,Civil Engineering,Research,Participating in cooking challenges and competitions,Ambition and achievement,"['Monday evening', 'Wednesday evening', 'Wednesday morning']"
Name122,Surname122,61151098,email122@example.com,Female,International,Civil Engineering,Corporate,Visiting art galleries to appreciate local artists,Preference for novelty,"['Friday evening', 'Monday evening', 'Wednesday morning']"
Name123,Surname123,81477010,email123@example.com,Male,International,Electrical Engineering & Computer Science,Corporate,My main hobby is machine learning,Creativity,"['Thursday morning', 'Thursday evening', 'Monday evening']"
Name124,Surname124,23105172,email124@example.com,Female,International,Earth & Space Science & Engineering,Unsure,Trying out new recipes and cooking techniques,Creativity,"['Thursday evening', 'Wednesday afternoon', 'Tuesday afternoon']"
Name125,Surname125,56701530,email125@example.com,Female,International,Electrical Engineering & Computer Science,Entrepreneurship,Gardening,Integrity,"['Tuesday morning', 'Monday morning', 'Wednesday morning']"
Name126,Surname126,72439769,email126@example.com,Other/Prefer not to say,International,Mechanical Engineering,Research,Creating short films and video content,Concern for others,"['Friday morning', 'Thursday evening', 'Tuesday morning']"
Name127,Surname127,99187013,email127@example.com,Male,International,Civil Engineering,Entrepreneurship,Learning about marine biology and ocean life,Preference for novelty,"['Tuesday morning', 'Tuesday afternoon', 'Wednesday evening']"
Name128,Surname128,87919889,email128@example.com,Other/Prefer not to say,International,Electrical Engineering & Computer Science,Research,I spend a lot of time coding and playing computer games,Collaboration and teamwork,"['Friday afternoon', 'Tuesday evening', 'Thursday afternoon']"
Name129,Surname129,90794998,email129@example.com,Male,International,Electrical Engineering & Computer Science,Entrepreneurship,Trying out the latest tech gadgets,Integrity,"['Monday evening', 'Wednesday afternoon', 'Friday afternoon']"
Name130,Surname130,17331345,email130@example.com,Female,International,Electrical Engineering & Computer Science,Non-profit,Fishing,Integrity,"['Wednesday evening', 'Thursday evening', 'Monday morning']"
Name131,Surname131,89464536,email131@example.com,Male,International,Civil Engineering,Entrepreneurship,Building model airplanes and trains,Preference for novelty,"['Wednesday morning', 'Friday morning', 'Monday morning']"
Name132,Surname132,99874207,email132@example.com,Female,International,Electrical Engineering & Computer Science,Corporate,Reading,Growth and learning,"['Wednesday afternoon', 'Monday evening', 'Friday morning']"
Name133,Surname133,75460828,email133@example.com,Other/Prefer not to say,International,Civil Engineering,Entrepreneurship,Baking,Integrity,"['Tuesday evening', 'Tuesday afternoon', 'Thursday afternoon']"
Name134,Surname134,54497180,email134@example.com,Other/Prefer not to say,International,Electrical Engineering & Computer Science,Unsure,Creating and managing a personal blog,Growth and learning,"['Wednesday afternoon', 'Monday evening', 'Friday afternoon']"
Name135,Surname135,30893237,email135@example.com,Female,Domestic,Earth & Space Science & Engineering,Research,Drawing,Collaboration and teamwork,"['Tuesday afternoon', 'Tuesday morning', 'Monday morning']"
Name136,Surname136,97879434,email136@example.com,Female,International,Earth & Space Science & Engineering,Non-profit,Exploring new places whenever I can,Integrity,"['Thursday morning', 'Wednesday afternoon', 'Monday evening']"
Name137,Surname137,65879081,email137@example.com,Male,International,Mechanical Engineering,Corporate,Trying out the latest tech gadgets,Preference for novelty,"['Friday morning', 'Friday afternoon', 'Monday morning']"
Name138,Surname138,54535641,email138@example.com,Male,International,Mechanical Engineering,Non-profit,Learning about historical events and figures,Creativity,"['Tuesday afternoon', 'Monday morning', 'Tuesday morning']"
Name139,Surname139,29938610,email139@example.com,Female,Domestic,Mechanical Engineering,Non-profit,Fishing on the weekends,Creativity,"['Wednesday morning', 'Friday morning', 'Friday afternoon']"
Name140,Surname140,44183505,email140@example.com,Male,Domestic,Mechanical Engineering,Research,Volunteering at local charities,Preference for novelty,"['Monday morning', 'Wednesday afternoon', 'Friday afternoon']"
Name141,Surname141,46105756,email141@example.com,Other/Prefer not to say,Domestic,Mechanical Engineering,Unsure,Volleyball,Growth and learning,"['Tuesday morning', 'Thursday morning', 'Tuesday evening']"
Name142,Surname142,99170980,email142@example.com,Male,International,Mechanical Engineering,Non-profit,Photography,Integrity,"['Thursday afternoon', 'Thursday morning', 'Friday afternoon']"
Name143,Surname143,75564241,email143@example.com,Male,International,Earth & Space Science & Engineering,Research,Playing sports,Growth and learning,"['Monday morning', 'Monday evening', 'Wednesday evening']"
Name144,Surname144,31990106,email144@example.com,Male,International,Civil Engineering,Corporate,Trying out new board games with family,Preference for novelty,"['Thursday afternoon', 'Friday morning', 'Thursday morning']"
Name145,Surname145,29086620,email145@example.com,Other/Prefer not to say,International,Electrical Engineering & Computer Science,Research,Trying new fitness routines at the gym,Integrity,"['Friday morning', 'Thursday afternoon', 'Monday evening']"
Name146,Surname146,36708004,email146@example.com,Male,Domestic,Civil Engineering,Unsure,Working on DIY home improvement projects,Ambition and achievement,"['Tuesday morning', 'Wednesday morning', 'Friday afternoon']"
Name147,Surname147,48285379,email147@example.com,Male,Domestic,Mechanical Engineering,Entrepreneurship,Traveling to new places,Ambition and achievement,"['Tuesday morning', 'Wednesday afternoon', 'Monday morning']"
Name148,Surname148,56512004,email148@example.com,Male,International,Electrical Engineering & Computer Science,Unsure,Playing sports,Creativity,"['Monday afternoon', 'Wednesday afternoon', 'Friday afternoon']"
Name149,Surname149,69509967,email149@example.com,Other/Prefer not to say,International,Earth & Space Science & Engineering,Non-profit,Participating in escape room challenges,Integrity,"['Thursday morning', 'Wednesday afternoon', 'Friday morning']"
Name150,Surname150,19027455,email150@example.com,Female,International,Civil Engineering,Unsure,Engaging in team sports like soccer and basketball,Integrity,"['Monday morning', 'Thursday morning', 'Monday evening']"
Name151,Surname151,33648073,email151@example.com,Male,International,Electrical Engineering & Computer Science,Entrepreneurship,Photography is a big hobby of mine,Creativity,"['Thursday morning', 'Wednesday morning', 'Wednesday afternoon']"
Name152,Surname152,71021306,email152@example.com,Female,International,Earth & Space Science & Engineering,Corporate,Listening to interesting podcasts,Collaboration and teamwork,"['Monday morning', 'Tuesday morning', 'Tuesday evening']"
Name153,Surname153,84820159,email153@example.com,Other/Prefer not to say,International,Mechanical Engineering,Entrepreneurship,Collecting stamps from different countries,Creativity,"['Tuesday afternoon', 'Monday afternoon', 'Monday evening']"
Name154,Surname154,88164142,email154@example.com,Other/Prefer not to say,International,Earth & Space Science & Engineering,Non-profit,Yoga,Concern for others,"['Monday morning', 'Thursday evening', 'Friday morning']"
Name155,Surname155,88183038,email155@example.com,Female,International,Electrical Engineering & Computer Science,Non-profit,Traveling to new places,Creativity,"['Thursday morning', 'Friday morning', 'Monday morning']"
Name156,Surname156,48716877,email156@example.com,Male,Domestic,Mechanical Engineering,Entrepreneurship,Exploring new places whenever I can,Integrity,"['Tuesday morning', 'Thursday afternoon', 'Friday evening']"
Name157,Surname157,40634337,email157@example.com,Other/Prefer not to say,International,Civil Engineering,Research,Exploring virtual reality experiences,Growth and learning,"['Tuesday morning', 'Monday evening', 'Friday afternoon']"
Name158,Surname158,17521568,email158@example.com,Female,International,Civil Engineering,Unsure,Reading books and going shopping,Ambition and achievement,"['Friday evening', 'Monday afternoon', 'Monday morning']"
Name159,Surname159,21520103,email159@example.com,Female,International,Mechanical Engineering,Entrepreneurship,Hiking in the mountains,Concern for others,"['Thursday evening', 'Friday afternoon', 'Friday morning']"
Name160,Surname160,61575869,email160@example.com,Male,International,Electrical Engineering & Computer Science,Research,Skiing during the winter months,Collaboration and teamwork,"['Monday afternoon', 'Monday morning', 'Tuesday afternoon']"
Name161,Surname161,78294025,email161@example.com,Female,Domestic,Earth & Space Science & Engineering,Non-profit,Making pottery as a relaxing activity,Ambition and achievement,"['Friday evening', 'Wednesday afternoon', 'Thursday evening']"
Name162,Surname162,22470579,email162@example.com,Male,International,Earth & Space Science & Engineering,Unsure,Skiing during the winter months,Collaboration and teamwork,"['Tuesday afternoon', 'Monday afternoon', 'Wednesday evening']"
Name163,Surname163,12912298,email163@example.com,Male,Domestic,Mechanical Engineering,Corporate,Playing computer games,Ambition and achievement,"['Tuesday morning', 'Wednesday evening', 'Tuesday evening']"
Name164,Surname164,13565281,email164@example.com,Male,International,Mechanical Engineering,Non-profit,Making pottery as a relaxing activity,Growth and learning,"['Wednesday afternoon', 'Friday morning', 'Monday morning']"
Name165,Surname165,39605794,email165@example.com,Male,International,Electrical Engineering & Computer Science,Entrepreneurship,Attending sports events to cheer for my team,Collaboration and teamwork,"['Tuesday afternoon', 'Wednesday evening', 'Monday afternoon']"
Name166,Surname166,41009414,email166@example.com,Other/Prefer not to say,International,Electrical Engineering & Computer Science,Unsure,Joining a local running club for motivation,Ambition and achievement,"['Wednesday evening', 'Thursday morning', 'Tuesday morning']"
Name167,Surname167,86077556,email167@example.com,Female,Domestic,Civil Engineering,Corporate,Engaging in birdwatching and identifying species,Creativity,"['Wednesday afternoon', 'Thursday afternoon', 'Monday afternoon']"
Name168,Surname168,89759229,email168@example.com,Male,International,Mechanical Engineering,Research,Exploring antique shops for unique finds,Growth and learning,"['Friday evening', 'Friday afternoon', 'Wednesday morning']"
Name169,Surname169,78498252,email169@example.com,Female,Domestic,Earth & Space Science & Engineering,Non-profit,Gardening with a focus on exotic plants,Collaboration and teamwork,"['Tuesday morning', 'Monday evening', 'Thursday morning']"
Name170,Surname170,34868144,email170@example.com,Male,International,Civil Engineering,Corporate,Exploring different cuisines through cooking,Ambition and achievement,"['Thursday morning', 'Wednesday morning', 'Monday morning']"
Name171,Surname171,61769145,email171@example.com,Female,Domestic,Electrical Engineering & Computer Science,Research,Participating in local food tours and tastings,Integrity,"['Monday evening', 'Wednesday evening', 'Thursday evening']"
Name172,Surname172,26083879,email172@example.com,Male,International,Mechanical Engineering,Entrepreneurship,Reading,Collaboration and teamwork,"['Monday afternoon', 'Wednesday afternoon', 'Thursday afternoon']"
Name173,Surname173,77467096,email173@example.com,Female,Domestic,Mechanical Engineering,Corporate,Exploring different art forms like sculpture and painting,Preference for novelty,"['Tuesday evening', 'Thursday morning', 'Monday evening']"
Name174,Surname174,93277339,email174@example.com,Female,International,Electrical Engineering & Computer Science,Corporate,I love learning new things,Integrity,"['Tuesday afternoon', 'Thursday afternoon', 'Friday afternoon']"
Name175,Surname175,86593611,email175@example.com,Male,Domestic,Mechanical Engineering,Corporate,Camping,Preference for novelty,"['Thursday morning', 'Wednesday afternoon', 'Wednesday evening']"
Name176,Surname176,64006039,email176@example.com,Female,International,Electrical Engineering & Computer Science,Corporate,Fishing,Growth and learning,"['Thursday evening', 'Monday morning', 'Monday evening']"
Name177,Surname177,57734410,email177@example.com,Male,International,Mechanical Engineering,Corporate,Joining a local running club for motivation,Growth and learning,"['Wednesday morning', 'Thursday evening', 'Friday evening']"
Name178,Surname178,55060149,email178@example.com,Female,Domestic,Earth & Space Science & Engineering,Corporate,Exploring the history of my local area,Preference for novelty,"['Friday evening', 'Tuesday afternoon', 'Wednesday morning']"
Name179,Surname179,26845452,email179@example.com,Female,Domestic,Civil Engineering,Corporate,I love learning new things,Concern for others,"['Monday afternoon', 'Monday morning', 'Wednesday afternoon']"
Name180,Surname180,43366203,email180@example.com,Male,International,Earth & Space Science & Engineering,Corporate,Participating in trivia games and quizzes,Growth and learning,"['Tuesday evening', 'Tuesday morning', 'Thursday evening']"
Name181,Surname181,69715598,email181@example.com,Female,International,Civil Engineering,Research,Participating in creative writing workshops,Growth and learning,"['Thursday afternoon', 'Monday afternoon', 'Wednesday morning']"
Name182,Surname182,20043770,email182@example.com,Male,International,Mechanical Engineering,Unsure,Swimming is my favorite hobby,Creativity,"['Thursday afternoon', 'Tuesday morning', 'Tuesday evening']"
Name183,Surname183,64397417,email183@example.com,Male,International,Civil Engineering,Entrepreneurship,Walking my dogs in the park,Preference for novelty,"['Monday afternoon', 'Tuesday evening', 'Tuesday morning']"
Name184,Surname184,40174829,email184@example.com,Male,International,Civil Engineering,Corporate,Exploring nature,Preference for novelty,"['Wednesday evening', 'Friday evening', 'Friday afternoon']"
Name185,Surname185,39876263,email185@example.com,Male,International,Earth & Space Science & Engineering,Research,Rock climbing,Integrity,"['Thursday evening', 'Wednesday morning', 'Tuesday evening']"
Name186,Surname186,56615748,email186@example.com,Male,Domestic,Mechanical Engineering,Corporate,Joining a book club for lively discussions,Ambition and achievement,"['Monday evening', 'Monday morning', 'Wednesday morning']"
Name187,Surname187,28608002,email187@example.com,Female,International,Electrical Engineering & Computer Science,Entrepreneurship,Swimming is my favorite hobby,Ambition and achievement,"['Friday evening', 'Thursday afternoon', 'Monday morning']"
Name188,Surname188,79963199,email188@example.com,Male,International,Mechanical Engineering,Non-profit,Engaging in science experiments and projects,Concern for others,"['Thursday afternoon', 'Friday morning', 'Tuesday afternoon']"
Name189,Surname189,32133286,email189@example.com,Female,Domestic,Civil Engineering,Non-profit,Joining a local sports league for fun and fitness,Growth and learning,"['Tuesday morning', 'Thursday afternoon', 'Thursday evening']"
Name190,Surname190,79329469,email190@example.com,Male,International,Civil Engineering,Entrepreneurship,Studying foreign languages,Concern for others,"['Monday afternoon', 'Thursday evening', 'Monday morning']"
Name191,Surname191,34822894,email191@example.com,Male,International,Mechanical Engineering,Unsure,Trying out various cuisines and cooking styles,Growth and learning,"['Thursday morning', 'Wednesday morning', 'Thursday afternoon']"
Name192,Surname192,37762237,email192@example.com,Other/Prefer not to say,International,Civil Engineering,Unsure,Watching movies and TV shows,Concern for others,"['Friday evening', 'Thursday evening', 'Tuesday afternoon']"
Name193,Surname193,61035537,email193@example.com,Male,International,Earth & Space Science & Engineering,Unsure,Knitting,Preference for novelty,"['Friday afternoon', 'Friday morning', 'Thursday evening']"
Name194,Surname194,45682532,email194@example.com,Other/Prefer not to say,International,Earth & Space Science & Engineering,Entrepreneurship,Exploring new technologies and gadgets,Concern for others,"['Thursday morning', 'Friday afternoon', 'Monday afternoon']"
Name195,Surname195,89041112,email195@example.com,Male,Domestic,Civil Engineering,Non-profit,Playing chess,Growth and learning,"['Friday morning', 'Friday afternoon', 'Thursday morning']"
Name196,Surname196,41135427,email196@example.com,Other/Prefer not to say,International,Mechanical Engineering,Research,Exploring virtual reality experiences,Creativity,"['Wednesday evening', 'Friday evening', 'Friday morning']"
Name197,Surname197,19042212,email197@example.com,Male,International,Electrical Engineering & Computer Science,Entrepreneurship,Gardening,Collaboration and teamwork,"['Friday morning', 'Wednesday morning', 'Monday evening']"
Name198,Surname198,34582625,email198@example.com,Male,International,Earth & Space Science & Engineering,Research,Knitting,Integrity,"['Monday afternoon', 'Wednesday evening', 'Monday morning']"
Name199,Surname199,85657531,email199@example.com,Male,International,Electrical Engineering & Computer Science,Non-profit,Exploring nature,Preference for novelty,"['Wednesday morning', 'Monday evening', 'Tuesday morning']"
Name200,Surname200,58146118,email200@example.com,Male,International,Electrical Engineering & Computer Science,Non-profit,Listening to interesting podcasts,Growth and learning,"['Wednesday afternoon', 'Thursday evening', 'Thursday afternoon']"
Name201,Surname201,33404416,email201@example.com,Male,International,Mechanical Engineering,Corporate,Volunteering at local charities,Collaboration and teamwork,"['Tuesday evening', 'Friday afternoon', 'Tuesday afternoon']"
Name202,Surname202,60185063,email202@example.com,Other/Prefer not to say,International,Electrical Engineering & Computer Science,Entrepreneurship,Participating in community theater productions,Ambition and achievement,"['Monday morning', 'Wednesday morning', 'Monday evening']"
Name203,Surname203,85168594,email203@example.com,Other/Prefer not to say,International,Mechanical Engineering,Corporate,Taking part in charity runs and events,Ambition and achievement,"['Thursday evening', 'Wednesday morning', 'Friday evening']"
Name204,Surname204,91808269,email204@example.com,Male,International,Civil Engineering,Research,I enjoy playing computer games and going for runs,Integrity,"['Wednesday evening', 'Monday evening', 'Wednesday afternoon']"
Name205,Surname205,85866332,email205@example.com,Other/Prefer not to say,International,Earth & Space Science & Engineering,Corporate,Building DIY furniture and home projects,Growth and learning,"['Tuesday morning', 'Monday evening', 'Friday morning']"
Name206,Surname206,18462089,email206@example.com,Male,Domestic,Mechanical Engineering,Non-profit,Photography is a big hobby of mine,Concern for others,"['Monday morning', 'Friday afternoon', 'Monday afternoon']"
Name207,Surname207,13974949,email207@example.com,Other/Prefer not to say,International,Earth & Space Science & Engineering,Entrepreneurship,Running,Integrity,"['Tuesday morning', 'Friday afternoon', 'Friday evening']"
Name208,Surname208,58234249,email208@example.com,Male,Domestic,Mechanical Engineering,Non-profit,Engaging in birdwatching and identifying species,Integrity,"['Friday afternoon', 'Monday morning', 'Tuesday afternoon']"
Name209,Surname209,36378997,email209@example.com,Female,Domestic,Mechanical Engineering,Entrepreneurship,Skiing during the winter months,Growth and learning,"['Thursday morning', 'Monday evening', 'Tuesday afternoon']"
Name210,Surname210,43644702,email210@example.com,Female,International,Civil Engineering,Unsure,I enjoy playing computer games and going for runs,Concern for others,"['Tuesday afternoon', 'Tuesday morning', 'Thursday afternoon']"
Name211,Surname211,64988474,email211@example.com,Male,International,Mechanical Engineering,Research,Playing chess with friends,Collaboration and teamwork,"['Friday afternoon', 'Wednesday morning', 'Friday evening']"
Name212,Surname212,49227808,email212@example.com,Female,International,Civil Engineering,Research,Playing board games with friends,Collaboration and teamwork,"['Thursday morning', 'Tuesday evening', 'Thursday evening']"
Name213,Surname213,57399306,email213@example.com,Other/Prefer not to say,International,Earth & Space Science & Engineering,Research,I enjoy reading books related to AI,Collaboration and teamwork,"['Friday evening', 'Thursday evening', 'Monday afternoon']"
Name214,Surname214,33347196,email214@example.com,Other/Prefer not to say,International,Mechanical Engineering,Unsure,Traveling and taking photos,Integrity,"['Friday evening', 'Wednesday afternoon', 'Tuesday morning']"
Name215,Surname215,17536733,email215@example.com,Other/Prefer not to say,International,Earth & Space Science & Engineering,Unsure,Going to live music concerts,Creativity,"['Wednesday afternoon', 'Friday evening', 'Friday morning']"
Name216,Surname216,57572646,email216@example.com,Male,Domestic,Mechanical Engineering,Research,Listening to music,Integrity,"['Tuesday afternoon', 'Friday afternoon', 'Tuesday morning']"
Name217,Surname217,81316191,email217@example.com,Male,Domestic,Earth & Space Science & Engineering,Entrepreneurship,Listening to music,Ambition and achievement,"['Monday morning', 'Thursday evening', 'Thursday afternoon']"
Name218,Surname218,20241605,email218@example.com,Male,International,Electrical Engineering & Computer Science,Non-profit,Learning about AI and machine learning,Collaboration and teamwork,"['Thursday afternoon', 'Friday evening', 'Wednesday morning']"
Name219,Surname219,71243308,email219@example.com,Male,International,Electrical Engineering & Computer Science,Unsure,Exploring new technologies and gadgets,Collaboration and teamwork,"['Tuesday evening', 'Monday morning', 'Wednesday morning']"
Name220,Surname220,92475735,email220@example.com,Male,International,Earth & Space Science & Engineering,Research,Yoga,Creativity,"['Wednesday evening', 'Thursday afternoon', 'Friday evening']"
Name221,Surname221,37876021,email221@example.com,Other/Prefer not to say,International,Earth & Space Science & Engineering,Research,Baking delicious treats and pastries,Concern for others,"['Monday afternoon', 'Thursday evening', 'Wednesday afternoon']"
Name222,Surname222,40247022,email222@example.com,Female,Domestic,Mechanical Engineering,Research,Engaging in birdwatching and identifying species,Creativity,"['Thursday evening', 'Tuesday evening', 'Monday morning']"
Name223,Surname223,84521813,email223@example.com,Female,International,Civil Engineering,Entrepreneurship,Making DIY home decor projects,Creativity,"['Thursday morning', 'Tuesday evening', 'Thursday evening']"
Name224,Surname224,42467638,email224@example.com,Female,International,Electrical Engineering & Computer Science,Non-profit,Practicing martial arts for fitness and discipline,Growth and learning,"['Friday evening', 'Wednesday afternoon', 'Tuesday afternoon']"
Name225,Surname225,21304443,email225@example.com,Male,International,Mechanical Engineering,Research,Bird watching in the local park,Growth and learning,"['Wednesday afternoon', 'Thursday evening', 'Tuesday afternoon']"
Name226,Surname226,66560206,email226@example.com,Male,Domestic,Civil Engineering,Research,Meditating to clear my mind,Growth and learning,"['Monday afternoon', 'Tuesday afternoon', 'Monday evening']"
Name227,Surname227,89396381,email227@example.com,Female,International,Mechanical Engineering,Entrepreneurship,Trying out various cuisines and cooking styles,Integrity,"['Tuesday afternoon', 'Thursday afternoon', 'Wednesday evening']"
Name228,Surname228,30619000,email228@example.com,Female,International,Electrical Engineering & Computer Science,Unsure,Listening to music,Collaboration and teamwork,"['Thursday morning', 'Thursday afternoon', 'Wednesday morning']"
Name229,Surname229,74892619,email229@example.com,Male,International,Earth & Space Science & Engineering,Research,Exploring virtual reality experiences,Concern for others,"['Wednesday afternoon', 'Monday morning', 'Friday afternoon']"
Name230,Surname230,66415371,email230@example.com,Male,International,Civil Engineering,Unsure,Creating digital art as a hobby,Preference for novelty,"['Tuesday evening', 'Tuesday morning', 'Thursday morning']"
Name231,Surname231,24666547,email231@example.com,Male,International,Mechanical Engineering,Corporate,Yoga,Collaboration and teamwork,"['Wednesday evening', 'Monday evening', 'Wednesday morning']"
Name232,Surname232,27366957,email232@example.com,Male,International,Mechanical Engineering,Research,Rock climbing as an adventurous sport,Ambition and achievement,"['Monday afternoon', 'Tuesday evening', 'Friday morning']"
Name233,Surname233,54417662,email233@example.com,Male,International,Electrical Engineering & Computer Science,Research,Binge-watching TV series on streaming platforms,Concern for others,"['Tuesday afternoon', 'Monday afternoon', 'Wednesday afternoon']"
Name234,Surname234,93719584,email234@example.com,Male,International,Mechanical Engineering,Entrepreneurship,Playing computer games,Growth and learning,"['Wednesday afternoon', 'Monday evening', 'Tuesday evening']"
Name235,Surname235,32930327,email235@example.com,Female,International,Civil Engineering,Unsure,Engaging in creative writing projects,Integrity,"['Tuesday evening', 'Friday morning', 'Wednesday afternoon']"
Name236,Surname236,71332758,email236@example.com,Female,International,Earth & Space Science & Engineering,Corporate,Learning about different musical genres and artists,Concern for others,"['Wednesday afternoon', 'Monday evening', 'Friday afternoon']"
Name237,Surname237,24755994,email237@example.com,Female,International,Civil Engineering,Non-profit,Making pottery as a relaxing activity,Collaboration and teamwork,"['Wednesday morning', 'Thursday afternoon', 'Friday afternoon']"
Name238,Surname238,69114304,email238@example.com,Male,Domestic,Mechanical Engineering,Non-profit,Swimming is my favorite hobby,Concern for others,"['Thursday morning', 'Wednesday evening', 'Tuesday evening']"
Name239,Surname239,58342507,email239@example.com,Male,Domestic,Mechanical Engineering,Non-profit,Knitting,Preference for novelty,"['Friday morning', 'Monday afternoon', 'Wednesday morning']"
Name240,Surname240,31980376,email240@example.com,Female,International,Civil Engineering,Entrepreneurship,Collecting vintage vinyl records for my collection,Ambition and achievement,"['Friday morning', 'Tuesday afternoon', 'Wednesday evening']"
Name241,Surname241,58713732,email241@example.com,Female,International,Earth & Space Science & Engineering,Unsure,Joining a local sports league for fun and fitness,Ambition and achievement,"['Thursday afternoon', 'Monday evening', 'Tuesday morning']"
Name242,Surname242,61354687,email242@example.com,Male,International,Earth & Space Science & Engineering,Non-profit,Walking my dogs in the park,Preference for novelty,"['Tuesday morning', 'Monday evening', 'Friday morning']"
Name243,Surname243,36545584,email243@example.com,Male,International,Civil Engineering,Unsure,Gardening with a focus on exotic plants,Creativity,"['Monday evening', 'Friday afternoon', 'Monday afternoon']"
Name244,Surname244,63995015,email244@example.com,Male,Domestic,Earth & Space Science & Engineering,Unsure,Sewing clothes and accessories,Ambition and achievement,"['Friday morning', 'Tuesday afternoon', 'Wednesday afternoon']"
Name245,Surname245,54189506,email245@example.com,Male,International,Civil Engineering,Unsure,I like boxing to stay fit,Collaboration and teamwork,"['Tuesday evening', 'Tuesday afternoon', 'Friday evening']"
Name246,Surname246,51529141,email246@example.com,Female,Domestic,Earth & Space Science & Engineering,Non-profit,Trying out new hobbies as they come up,Concern for others,"['Thursday evening', 'Wednesday evening', 'Monday morning']"
Name247,Surname247,48269925,email247@example.com,Male,International,Mechanical Engineering,Corporate,Trying out various cuisines and cooking styles,Concern for others,"['Wednesday afternoon', 'Tuesday afternoon', 'Friday afternoon']"
Name248,Surname248,15198649,email248@example.com,Male,International,Electrical Engineering & Computer Science,Non-profit,Baking delicious treats and pastries,Concern for others,"['Friday afternoon', 'Tuesday evening', 'Monday morning']"
Name249,Surname249,51423089,email249@example.com,Male,International,Electrical Engineering & Computer Science,Corporate,Trying out new hobbies as they come up,Collaboration and teamwork,"['Thursday afternoon', 'Friday morning', 'Tuesday morning']"
Name250,Surname250,32862151,email250@example.com,Male,International,Mechanical Engineering,Non-profit,Sculpting with clay in my free time,Collaboration and teamwork,"['Friday afternoon', 'Wednesday evening', 'Wednesday afternoon']"
Name251,Surname251,40642956,email251@example.com,Other/Prefer not to say,International,Mechanical Engineering,Entrepreneurship,Watching Netflix series,Creativity,"['Friday afternoon', 'Tuesday afternoon', 'Monday afternoon']"
Name252,Surname252,80587115,email252@example.com,Male,International,Civil Engineering,Research,I enjoy reading books related to AI,Ambition and achievement,"['Tuesday afternoon', 'Friday afternoon', 'Thursday morning']"
Name253,Surname253,94405183,email253@example.com,Male,International,Earth & Space Science & Engineering,Non-profit,Participating in cosplay and dressing up as favorite characters,Concern for others,"['Monday evening', 'Wednesday afternoon', 'Tuesday morning']"
Name254,Surname254,18842834,email254@example.com,Other/Prefer not to say,Domestic,Electrical Engineering & Computer Science,Research,Exploring local farmer’s markets for fresh produce,Collaboration and teamwork,"['Tuesday evening', 'Wednesday morning', 'Friday afternoon']"
Name255,Surname255,24222486,email255@example.com,Female,International,Electrical Engineering & Computer Science,Entrepreneurship,Learning new languages for fun,Creativity,"['Thursday evening', 'Thursday afternoon', 'Tuesday morning']"
Name256,Surname256,46422272,email256@example.com,Male,International,Electrical Engineering & Computer Science,Research,I spend a lot of time coding and playing computer games,Integrity,"['Friday afternoon', 'Friday evening', 'Tuesday afternoon']"
Name257,Surname257,39440086,email257@example.com,Female,International,Mechanical Engineering,Corporate,Collecting antique items,Growth and learning,"['Friday afternoon', 'Friday evening', 'Thursday evening']"
Name258,Surname258,20848412,email258@example.com,Other/Prefer not to say,International,Mechanical Engineering,Research,Going on weekend getaways to unwind,Growth and learning,"['Friday evening', 'Thursday morning', 'Thursday evening']"
Name259,Surname259,87083018,email259@example.com,Female,International,Mechanical Engineering,Research,Bird watching in the local park,Creativity,"['Tuesday evening', 'Friday morning', 'Thursday evening']"
Name260,Surname260,91486974,email260@example.com,Female,International,Electrical Engineering & Computer Science,Research,Joining a hiking group to explore new trails,Growth and learning,"['Tuesday evening', 'Monday morning', 'Monday evening']"
Name261,Surname261,82120379,email261@example.com,Other/Prefer not to say,International,Earth & Space Science & Engineering,Non-profit,Participating in cooking challenges and competitions,Growth and learning,"['Thursday evening', 'Friday evening', 'Wednesday morning']"
Name262,Surname262,43996402,email262@example.com,Other/Prefer not to say,International,Electrical Engineering & Computer Science,Unsure,Reading,Creativity,"['Tuesday evening', 'Wednesday evening', 'Friday evening']"
Name263,Surname263,40261120,email263@example.com,Female,International,Civil Engineering,Entrepreneurship,Practicing mindfulness through meditation,Collaboration and teamwork,"['Thursday evening', 'Tuesday morning', 'Monday afternoon']"
Name264,Surname264,64322039,email264@example.com,Male,Domestic,Electrical Engineering & Computer Science,Unsure,I travel a lot and spend quality time with my family,Collaboration and teamwork,"['Wednesday evening', 'Thursday morning', 'Monday afternoon']"
Name265,Surname265,31086095,email265@example.com,Male,Domestic,Earth & Space Science & Engineering,Research,I love learning new things,Creativity,"['Friday evening', 'Thursday afternoon', 'Monday afternoon']"
Name266,Surname266,47000884,email266@example.com,Male,International,Mechanical Engineering,Corporate,Practicing mindfulness and relaxation techniques,Collaboration and teamwork,"['Friday evening', 'Wednesday morning', 'Monday morning']"
Name267,Surname267,36832515,email267@example.com,Male,International,Earth & Space Science & Engineering,Non-profit,Exploring new technologies and gadgets,Growth and learning,"['Wednesday morning', 'Tuesday evening', 'Friday afternoon']"
Name268,Surname268,52624873,email268@example.com,Male,International,Electrical Engineering & Computer Science,Entrepreneurship,Travel photography,Ambition and achievement,"['Wednesday evening', 'Wednesday morning', 'Thursday morning']"
Name269,Surname269,82650976,email269@example.com,Other/Prefer not to say,Domestic,Earth & Space Science & Engineering,Corporate,Cycling,Integrity,"['Monday morning', 'Tuesday afternoon', 'Monday evening']"
Name270,Surname270,38313572,email270@example.com,Male,International,Electrical Engineering & Computer Science,Non-profit,Learning about sustainable living practices,Concern for others,"['Tuesday afternoon', 'Friday afternoon', 'Monday morning']"
Name271,Surname271,28575798,email271@example.com,Female,Domestic,Mechanical Engineering,Research,Meditating to clear my mind,Creativity,"['Wednesday afternoon', 'Thursday morning', 'Thursday evening']"
Name272,Surname272,43615303,email272@example.com,Female,Domestic,Earth & Space Science & Engineering,Entrepreneurship,Engaging in science experiments and projects,Preference for novelty,"['Monday afternoon', 'Friday afternoon', 'Friday morning']"
Name273,Surname273,37323025,email273@example.com,Male,International,Electrical Engineering & Computer Science,Non-profit,Running,Integrity,"['Monday afternoon', 'Thursday morning', 'Wednesday afternoon']"
Name274,Surname274,60850370,email274@example.com,Other/Prefer not to say,Domestic,Earth & Space Science & Engineering,Unsure,Exploring nature trails and enjoying the outdoors,Preference for novelty,"['Thursday evening', 'Tuesday morning', 'Tuesday afternoon']"
Name275,Surname275,26663837,email275@example.com,Male,International,Electrical Engineering & Computer Science,Non-profit,Sewing clothes and accessories,Preference for novelty,"['Tuesday morning', 'Wednesday evening', 'Monday evening']"
Name276,Surname276,10632842,email276@example.com,Female,International,Earth & Space Science & Engineering,Non-profit,Rock climbing,Ambition and achievement,"['Wednesday afternoon', 'Friday morning', 'Monday morning']"
Name277,Surname277,55591209,email277@example.com,Male,Domestic,Electrical Engineering & Computer Science,Unsure,Practicing mindfulness and relaxation techniques,Ambition and achievement,"['Thursday afternoon', 'Friday afternoon', 'Wednesday evening']"
Name278,Surname278,96949121,email278@example.com,Other/Prefer not to say,International,Electrical Engineering & Computer Science,Entrepreneurship,Learning about historical events and figures,Creativity,"['Monday morning', 'Thursday evening', 'Wednesday morning']"
Name279,Surname279,90401066,email279@example.com,Male,International,Earth & Space Science & Engineering,Entrepreneurship,Learning new languages for fun,Creativity,"['Monday afternoon', 'Tuesday afternoon', 'Tuesday morning']"
Name280,Surname280,19081578,email280@example.com,Female,International,Electrical Engineering & Computer Science,Research,Learning about AI and machine learning,Integrity,"['Friday morning', 'Wednesday morning', 'Friday evening']"
Name281,Surname281,32703440,email281@example.com,Male,Domestic,Civil Engineering,Non-profit,Attending sports events to cheer for my team,Collaboration and teamwork,"['Thursday morning', 'Monday morning', 'Tuesday morning']"
Name282,Surname282,77322832,email282@example.com,Male,International,Earth & Space Science & Engineering,Entrepreneurship,Exploring virtual reality experiences,Concern for others,"['Wednesday morning', 'Thursday morning', 'Monday morning']"
Name283,Surname283,23625111,email283@example.com,Male,International,Civil Engineering,Research,Working on DIY home improvement projects,Concern for others,"['Wednesday morning', 'Monday morning', 'Tuesday evening']"
Name284,Surname284,11525245,email284@example.com,Male,International,Civil Engineering,Unsure,Practicing martial arts for fitness and discipline,Growth and learning,"['Thursday afternoon', 'Tuesday evening', 'Friday afternoon']"
Name285,Surname285,94480396,email285@example.com,Female,International,Civil Engineering,Corporate,Reading comics and graphic novels,Integrity,"['Wednesday morning', 'Tuesday afternoon', 'Tuesday evening']"
Name286,Surname286,93163881,email286@example.com,Other/Prefer not to say,International,Mechanical Engineering,Entrepreneurship,Gardening with a focus on exotic plants,Concern for others,"['Monday afternoon', 'Thursday morning', 'Monday morning']"
Name287,Surname287,67217346,email287@example.com,Female,International,Electrical Engineering & Computer Science,Research,Playing computer games,Creativity,"['Wednesday afternoon', 'Monday evening', 'Thursday morning']"
Name288,Surname288,10955894,email288@example.com,Male,International,Civil Engineering,Non-profit,Baking delicious treats and pastries,Integrity,"['Thursday morning', 'Thursday afternoon', 'Friday morning']"
Name289,Surname289,30034875,email289@example.com,Female,International,Mechanical Engineering,Non-profit,Joining a hiking group to explore new trails,Integrity,"['Monday evening', 'Tuesday afternoon', 'Monday morning']"
Name290,Surname290,62260114,email290@example.com,Other/Prefer not to say,International,Earth & Space Science & Engineering,Research,Crafting,Concern for others,"['Monday morning', 'Monday afternoon', 'Friday morning']"
Name291,Surname291,82446159,email291@example.com,Male,International,Civil Engineering,Unsure,Volunteering at local charities,Preference for novelty,"['Friday evening', 'Friday afternoon', 'Thursday afternoon']"
Name292,Surname292,21151306,email292@example.com,Male,Domestic,Mechanical Engineering,Research,Building DIY electronics projects,Collaboration and teamwork,"['Thursday morning', 'Wednesday evening', 'Thursday evening']"
Name293,Surname293,63127006,email293@example.com,Male,International,Mechanical Engineering,Entrepreneurship,Cooking and gardening,Integrity,"['Tuesday morning', 'Monday afternoon', 'Tuesday evening']"
Name294,Surname294,35913874,email294@example.com,Male,International,Mechanical Engineering,Non-profit,Exploring different cuisines through cooking,Creativity,"['Friday morning', 'Thursday afternoon', 'Tuesday evening']"
Name295,Surname295,26250456,email295@example.com,Male,International,Civil Engineering,Entrepreneurship,Dancing to my favorite music,Ambition and achievement,"['Tuesday afternoon', 'Wednesday morning', 'Monday evening']"
Name296,Surname296,73950824,email296@example.com,Male,International,Mechanical Engineering,Entrepreneurship,Exploring local music scenes and bands,Creativity,"['Wednesday evening', 'Tuesday evening', 'Friday afternoon']"
Name297,Surname297,76124401,email297@example.com,Male,International,Mechanical Engineering,Corporate,Drawing and painting,Concern for others,"['Wednesday morning', 'Wednesday afternoon', 'Thursday afternoon']"
Name298,Surname298,86448770,email298@example.com,Other/Prefer not to say,International,Earth & Space Science & Engineering,Entrepreneurship,Creating handmade jewelry,Preference for novelty,"['Wednesday evening', 'Monday evening', 'Monday morning']"
Name299,Surname299,97754842,email299@example.com,Male,International,Mechanical Engineering,Non-profit,I enjoy playing computer games and going for runs,Growth and learning,"['Wednesday evening', 'Thursday evening', 'Thursday morning']"
Name300,Surname300,12753931,email300@example.com,Other/Prefer not to say,International,Electrical Engineering & Computer Science,Research,Trying new fitness routines at the gym,Integrity,"['Tuesday evening', 'Wednesday morning', 'Friday morning']"
Name301,Surname301,80876144,email301@example.com,Male,International,Mechanical Engineering,Non-profit,Sculpting with clay in my free time,Concern for others,"['Monday afternoon', 'Friday evening', 'Thursday afternoon']"
Name302,Surname302,88929825,email302@example.com,Male,International,Civil Engineering,Corporate,I enjoy playing computer games and going for runs,Creativity,"['Wednesday morning', 'Tuesday morning', 'Friday morning']"
Name303,Surname303,59646763,email303@example.com,Male,International,Electrical Engineering & Computer Science,Unsure,Wine tasting and exploring different varieties,Growth and learning,"['Thursday afternoon', 'Wednesday evening', 'Thursday evening']"
Name304,Surname304,89701729,email304@example.com,Male,International,Civil Engineering,Entrepreneurship,Building DIY furniture and home projects,Growth and learning,"['Thursday evening', 'Thursday morning', 'Tuesday evening']"
Name305,Surname305,66503342,email305@example.com,Male,International,Earth & Space Science & Engineering,Unsure,Trying out new sports activities and challenges,Concern for others,"['Wednesday morning', 'Monday evening', 'Tuesday afternoon']"
Name306,Surname306,15879953,email306@example.com,Other/Prefer not to say,International,Civil Engineering,Unsure,I travel a lot and spend quality time with my family,Creativity,"['Friday evening', 'Wednesday morning', 'Monday evening']"
Name307,Surname307,27156531,email307@example.com,Other/Prefer not to say,Domestic,Civil Engineering,Research,Exploring antique shops for unique finds,Creativity,"['Monday evening', 'Wednesday afternoon', 'Wednesday morning']"
Name308,Surname308,69907621,email308@example.com,Female,International,Civil Engineering,Corporate,Making DIY home decor projects,Integrity,"['Monday morning', 'Wednesday morning', 'Thursday afternoon']"
Name309,Surname309,57321619,email309@example.com,Male,International,Mechanical Engineering,Entrepreneurship,Participating in escape room challenges,Ambition and achievement,"['Thursday evening', 'Tuesday afternoon', 'Monday morning']"
Name310,Surname310,70841342,email310@example.com,Male,International,Mechanical Engineering,Entrepreneurship,Practicing mindfulness through meditation,Concern for others,"['Friday evening', 'Monday afternoon', 'Friday afternoon']"
Name311,Surname311,53878423,email311@example.com,Other/Prefer not to say,International,Mechanical Engineering,Corporate,Playing computer games,Ambition and achievement,"['Monday evening', 'Wednesday morning', 'Thursday evening']"
Name312,Surname312,99402456,email312@example.com,Female,International,Earth & Space Science & Engineering,Research,Skiing,Preference for novelty,"['Thursday morning', 'Thursday evening', 'Monday evening']"
Name313,Surname313,47639025,email313@example.com,Male,International,Earth & Space Science & Engineering,Entrepreneurship,Learning about astronomy and stargazing,Collaboration and teamwork,"['Monday morning', 'Wednesday afternoon', 'Thursday morning']"
Name314,Surname314,51421737,email314@example.com,Male,International,Electrical Engineering & Computer Science,Corporate,Dancing,Ambition and achievement,"['Wednesday morning', 'Friday afternoon', 'Friday morning']"
Name315,Surname315,66038895,email315@example.com,Male,International,Earth & Space Science & Engineering,Research,Learning about different cultures and traditions,Preference for novelty,"['Monday evening', 'Thursday evening', 'Friday morning']"
Name316,Surname316,98314233,email316@example.com,Female,International,Electrical Engineering & Computer Science,Entrepreneurship,Knitting,Integrity,"['Wednesday evening', 'Wednesday afternoon', 'Friday evening']"
Name317,Surname317,23174989,email317@example.com,Male,Domestic,Mechanical Engineering,Unsure,Gardening,Ambition and achievement,"['Tuesday evening', 'Wednesday evening', 'Monday evening']"
Name318,Surname318,46596391,email318@example.com,Male,International,Mechanical Engineering,Non-profit,Bird watching in the local park,Ambition and achievement,"['Tuesday morning', 'Friday evening', 'Wednesday morning']"
Name319,Surname319,93460090,email319@example.com,Female,International,Electrical Engineering & Computer Science,Unsure,Playing sports,Concern for others,"['Monday afternoon', 'Monday evening', 'Tuesday afternoon']"
Name320,Surname320,57447680,email320@example.com,Male,International,Civil Engineering,Unsure,Participating in community theater productions,Preference for novelty,"['Friday morning', 'Monday afternoon', 'Monday evening']"
Name321,Surname321,32635283,email321@example.com,Male,International,Electrical Engineering & Computer Science,Entrepreneurship,Camping,Integrity,"['Monday evening', 'Thursday afternoon', 'Tuesday evening']"
Name322,Surname322,81885946,email322@example.com,Female,International,Earth & Space Science & Engineering,Non-profit,Exploring local farmer’s markets for fresh produce,Growth and learning,"['Friday afternoon', 'Monday afternoon', 'Thursday morning']"
Name323,Surname323,82670927,email323@example.com,Other/Prefer not to say,International,Earth & Space Science & Engineering,Corporate,Playing new board games with friends,Ambition and achievement,"['Thursday morning', 'Tuesday afternoon', 'Wednesday afternoon']"
Name324,Surname324,98746170,email324@example.com,Female,Domestic,Mechanical Engineering,Entrepreneurship,Working on DIY home improvement projects,Integrity,"['Monday afternoon', 'Wednesday morning', 'Thursday evening']"
Name325,Surname325,43976345,email325@example.com,Male,International,Civil Engineering,Unsure,Knitting,Preference for novelty,"['Tuesday evening', 'Thursday evening', 'Thursday morning']"
Name326,Surname326,74010203,email326@example.com,Female,International,Electrical Engineering & Computer Science,Research,Watching Netflix series,Creativity,"['Tuesday afternoon', 'Monday evening', 'Thursday afternoon']"
Name327,Surname327,25991835,email327@example.com,Male,International,Electrical Engineering & Computer Science,Non-profit,Cooking and gardening,Growth and learning,"['Tuesday afternoon', 'Monday afternoon', 'Monday morning']"
Name328,Surname328,70455385,email328@example.com,Male,International,Mechanical Engineering,Non-profit,Exploring urban art and street murals,Ambition and achievement,"['Monday morning', 'Friday afternoon', 'Thursday afternoon']"
Name329,Surname329,16043084,email329@example.com,Other/Prefer not to say,International,Earth & Space Science & Engineering,Non-profit,Engaging in team sports like soccer and basketball,Concern for others,"['Thursday evening', 'Thursday morning', 'Tuesday afternoon']"
Name330,Surname330,60962981,email330@example.com,Male,Domestic,Electrical Engineering & Computer Science,Corporate,Joining a local sports league for fun and fitness,Concern for others,"['Monday morning', 'Friday morning', 'Wednesday afternoon']"
Name331,Surname331,10199452,email331@example.com,Other/Prefer not to say,International,Electrical Engineering & Computer Science,Entrepreneurship,Rock climbing as an adventurous sport,Growth and learning,"['Wednesday evening', 'Thursday evening', 'Tuesday afternoon']"
Name332,Surname332,69919034,email332@example.com,Male,International,Electrical Engineering & Computer Science,Research,Gardening with a focus on exotic plants,Collaboration and teamwork,"['Wednesday afternoon', 'Monday morning', 'Thursday afternoon']"
Name333,Surname333,54613155,email333@example.com,Male,International,Civil Engineering,Entrepreneurship,Watching Netflix series,Ambition and achievement,"['Monday morning', 'Thursday morning', 'Tuesday afternoon']"
Name334,Surname334,20905196,email334@example.com,Male,International,Mechanical Engineering,Research,Exploring antique shops for unique finds,Creativity,"['Thursday evening', 'Tuesday afternoon', 'Thursday morning']"
Name335,Surname335,44500621,email335@example.com,Female,Domestic,Electrical Engineering & Computer Science,Unsure,Engaging in science experiments and projects,Ambition and achievement,"['Wednesday afternoon', 'Friday morning', 'Thursday morning']"
Name336,Surname336,71519037,email336@example.com,Other/Prefer not to say,International,Civil Engineering,Research,Playing board games with friends,Collaboration and teamwork,"['Monday morning', 'Thursday afternoon', 'Monday evening']"
Name337,Surname337,49734122,email337@example.com,Female,International,Electrical Engineering & Computer Science,Research,Hiking in the mountains,Preference for novelty,"['Friday evening', 'Thursday afternoon', 'Thursday morning']"
Name338,Surname338,19496635,email338@example.com,Female,International,Earth & Space Science & Engineering,Corporate,Drawing,Growth and learning,"['Friday evening', 'Monday evening', 'Tuesday afternoon']"
Name339,Surname339,73554723,email339@example.com,Other/Prefer not to say,International,Mechanical Engineering,Unsure,Drawing and painting,Growth and learning,"['Wednesday afternoon', 'Wednesday evening', 'Monday evening']"
Name340,Surname340,39268216,email340@example.com,Female,International,Electrical Engineering & Computer Science,Unsure,Exploring virtual reality experiences,Preference for novelty,"['Wednesday morning', 'Friday evening', 'Friday morning']"
Name341,Surname341,22132168,email341@example.com,Other/Prefer not to say,International,Earth & Space Science & Engineering,Research,Playing guitar and listening to music,Collaboration and teamwork,"['Friday afternoon', 'Wednesday afternoon', 'Tuesday morning']"
Name342,Surname342,34251203,email342@example.com,Male,International,Electrical Engineering & Computer Science,Entrepreneurship,Participating in cosplay and dressing up as favorite characters,Preference for novelty,"['Friday morning', 'Monday afternoon', 'Friday evening']"
Name343,Surname343,29630756,email343@example.com,Female,International,Earth & Space Science & Engineering,Entrepreneurship,Gardening with a focus on exotic plants,Ambition and achievement,"['Monday evening', 'Friday evening', 'Friday afternoon']"
Name344,Surname344,58750491,email344@example.com,Male,International,Earth & Space Science & Engineering,Research,Watching Netflix series,Ambition and achievement,"['Friday evening', 'Wednesday afternoon', 'Thursday evening']"
Name345,Surname345,14533913,email345@example.com,Male,International,Earth & Space Science & Engineering,Corporate,Crafting,Integrity,"['Tuesday evening', 'Thursday evening', 'Monday afternoon']"
Name346,Surname346,97996126,email346@example.com,Male,Domestic,Earth & Space Science & Engineering,Research,Playing sports,Concern for others,"['Monday afternoon', 'Thursday afternoon', 'Wednesday morning']"
Name347,Surname347,49297126,email347@example.com,Male,International,Civil Engineering,Research,Traveling to new places,Ambition and achievement,"['Monday evening', 'Tuesday morning', 'Thursday afternoon']"
Name348,Surname348,90096920,email348@example.com,Female,Domestic,Earth & Space Science & Engineering,Non-profit,I enjoy playing computer games and going for runs,Concern for others,"['Wednesday morning', 'Wednesday afternoon', 'Monday evening']"
Name349,Surname349,38339918,email349@example.com,Female,Domestic,Civil Engineering,Entrepreneurship,Making DIY home decor projects,Creativity,"['Thursday afternoon', 'Wednesday evening', 'Monday evening']"
Name350,Surname350,90173575,email350@example.com,Female,International,Mechanical Engineering,Research,Participating in craft fairs and markets,Concern for others,"['Friday morning', 'Wednesday morning', 'Monday afternoon']"
Name351,Surname351,27370214,email351@example.com,Female,International,Earth & Space Science & Engineering,Non-profit,Participating in community events and activities,Concern for others,"['Thursday morning', 'Monday afternoon', 'Friday afternoon']"
Name352,Surname352,78903563,email352@example.com,Male,International,Civil Engineering,Non-profit,Practicing yoga for relaxation,Preference for novelty,"['Thursday afternoon', 'Tuesday morning', 'Monday morning']"
Name353,Surname353,83755447,email353@example.com,Male,International,Earth & Space Science & Engineering,Unsure,Engaging in outdoor adventures like kayaking,Ambition and achievement,"['Friday afternoon', 'Thursday morning', 'Thursday afternoon']"
Name354,Surname354,97853622,email354@example.com,Female,International,Electrical Engineering & Computer Science,Non-profit,Walking my dogs in the park,Concern for others,"['Wednesday afternoon', 'Monday morning', 'Tuesday evening']"
Name355,Surname355,85404919,email355@example.com,Male,International,Electrical Engineering & Computer Science,Research,Traveling for culinary experiences and trying new foods,Integrity,"['Friday evening', 'Wednesday morning', 'Monday afternoon']"
Name356,Surname356,70311771,email356@example.com,Female,International,Mechanical Engineering,Unsure,Playing computer games,Ambition and achievement,"['Friday afternoon', 'Thursday afternoon', 'Wednesday morning']"
Name357,Surname357,53659493,email357@example.com,Male,International,Earth & Space Science & Engineering,Unsure,Playing computer games,Collaboration and teamwork,"['Monday evening', 'Monday afternoon', 'Monday morning']"
Name358,Surname358,49475911,email358@example.com,Female,International,Electrical Engineering & Computer Science,Corporate,Traveling and taking photos,Collaboration and teamwork,"['Friday morning', 'Tuesday afternoon', 'Tuesday evening']"
Name359,Surname359,51456020,email359@example.com,Female,International,Mechanical Engineering,Unsure,Learning about historical events and figures,Concern for others,"['Friday evening', 'Wednesday evening', 'Tuesday evening']"
Name360,Surname360,68650505,email360@example.com,Male,International,Mechanical Engineering,Entrepreneurship,Exploring the history of my local area,Growth and learning,"['Monday evening', 'Friday afternoon', 'Monday morning']"
Name361,Surname361,68358067,email361@example.com,Female,International,Civil Engineering,Entrepreneurship,Fishing,Preference for novelty,"['Tuesday afternoon', 'Friday evening', 'Monday afternoon']"
Name362,Surname362,22111477,email362@example.com,Male,International,Civil Engineering,Corporate,Trying out new sports activities and challenges,Creativity,"['Monday morning', 'Wednesday afternoon', 'Tuesday morning']"
Name363,Surname363,92575015,email363@example.com,Other/Prefer not to say,International,Civil Engineering,Non-profit,Meditating to clear my mind,Concern for others,"['Monday afternoon', 'Tuesday morning', 'Monday evening']"
Name364,Surname364,79422959,email364@example.com,Female,Domestic,Civil Engineering,Non-profit,Traveling to new places,Ambition and achievement,"['Wednesday morning', 'Friday afternoon', 'Thursday morning']"
Name365,Surname365,59310657,email365@example.com,Female,International,Earth & Space Science & Engineering,Non-profit,Going on photography excursions for new shots,Integrity,"['Tuesday morning', 'Monday morning', 'Friday morning']"
Name366,Surname366,70480281,email366@example.com,Male,International,Civil Engineering,Non-profit,Dancing to my favorite music,Preference for novelty,"['Thursday evening', 'Friday evening', 'Thursday morning']"
Name367,Surname367,78772935,email367@example.com,Female,International,Electrical Engineering & Computer Science,Research,Playing video games online with friends,Integrity,"['Thursday evening', 'Thursday afternoon', 'Tuesday afternoon']"
Name368,Surname368,60879751,email368@example.com,Other/Prefer not to say,International,Electrical Engineering & Computer Science,Entrepreneurship,Trying out new hobbies as they come up,Collaboration and teamwork,"['Tuesday evening', 'Thursday morning', 'Thursday evening']"
Name369,Surname369,85592270,email369@example.com,Female,International,Mechanical Engineering,Corporate,Participating in community events and activities,Preference for novelty,"['Monday evening', 'Thursday evening', 'Monday afternoon']"
Name370,Surname370,49653513,email370@example.com,Male,International,Electrical Engineering & Computer Science,Corporate,Meditating,Concern for others,"['Thursday evening', 'Thursday afternoon', 'Friday morning']"
Name371,Surname371,35714991,email371@example.com,Other/Prefer not to say,International,Mechanical Engineering,Entrepreneurship,Learning to dance salsa and other styles,Growth and learning,"['Monday afternoon', 'Thursday afternoon', 'Monday evening']"
Name372,Surname372,41144098,email372@example.com,Male,International,Civil Engineering,Non-profit,Building and maintaining a personal website,Preference for novelty,"['Friday afternoon', 'Tuesday afternoon', 'Thursday evening']"
Name373,Surname373,30893495,email373@example.com,Male,International,Mechanical Engineering,Research,Exploring urban art and street murals,Concern for others,"['Wednesday evening', 'Monday evening', 'Friday morning']"
Name374,Surname374,51686134,email374@example.com,Other/Prefer not to say,International,Civil Engineering,Entrepreneurship,Exploring different cuisines through cooking,Integrity,"['Wednesday afternoon', 'Tuesday evening', 'Thursday evening']"
Name375,Surname375,98141538,email375@example.com,Male,International,Earth & Space Science & Engineering,Non-profit,Reading books and going shopping,Creativity,"['Friday afternoon', 'Tuesday afternoon', 'Thursday evening']"
Name376,Surname376,39495415,email376@example.com,Male,International,Mechanical Engineering,Non-profit,Exploring new hiking trails and scenic spots,Preference for novelty,"['Tuesday afternoon', 'Wednesday evening', 'Thursday evening']"
Name377,Surname377,77039485,email377@example.com,Other/Prefer not to say,International,Electrical Engineering & Computer Science,Non-profit,Learning about different musical genres and artists,Creativity,"['Thursday evening', 'Friday evening', 'Tuesday evening']"
Name378,Surname378,77358433,email378@example.com,Female,International,Electrical Engineering & Computer Science,Corporate,Reading comics and graphic novels,Concern for others,"['Wednesday evening', 'Tuesday morning', 'Tuesday afternoon']"
Name379,Surname379,67197589,email379@example.com,Other/Prefer not to say,International,Mechanical Engineering,Research,Running,Ambition and achievement,"['Tuesday afternoon', 'Tuesday evening', 'Monday evening']"
Name380,Surname380,32677633,email380@example.com,Male,International,Mechanical Engineering,Entrepreneurship,Trying out new board games with family,Growth and learning,"['Friday afternoon', 'Wednesday evening', 'Wednesday morning']"
Name381,Surname381,20604475,email381@example.com,Female,International,Earth & Space Science & Engineering,Unsure,Baking,Creativity,"['Friday evening', 'Thursday morning', 'Wednesday morning']"
Name382,Surname382,37885418,email382@example.com,Other/Prefer not to say,Domestic,Electrical Engineering & Computer Science,Unsure,Attending conventions related to my interests,Ambition and achievement,"['Wednesday afternoon', 'Tuesday afternoon', 'Thursday afternoon']"
Name383,Surname383,61688246,email383@example.com,Female,International,Electrical Engineering & Computer Science,Unsure,Practicing martial arts for fitness and discipline,Preference for novelty,"['Monday morning', 'Tuesday morning', 'Thursday evening']"
Name384,Surname384,86581982,email384@example.com,Female,International,Earth & Space Science & Engineering,Corporate,Browsing old bookstores for rare books,Growth and learning,"['Wednesday evening', 'Wednesday afternoon', 'Tuesday evening']"
Name385,Surname385,59183172,email385@example.com,Male,International,Civil Engineering,Entrepreneurship,Engaging in birdwatching and identifying species,Collaboration and teamwork,"['Tuesday morning', 'Wednesday afternoon', 'Friday morning']"
Name386,Surname386,38254201,email386@example.com,Female,International,Civil Engineering,Entrepreneurship,Learning about different musical genres and artists,Concern for others,"['Wednesday afternoon', 'Thursday afternoon', 'Tuesday evening']"
Name387,Surname387,55243259,email387@example.com,Male,Domestic,Earth & Space Science & Engineering,Corporate,Playing computer games,Creativity,"['Friday afternoon', 'Tuesday afternoon', 'Thursday afternoon']"
Name388,Surname388,98812208,email388@example.com,Male,International,Earth & Space Science & Engineering,Non-profit,Camping with friends and family,Collaboration and teamwork,"['Wednesday morning', 'Monday afternoon', 'Friday afternoon']"
Name389,Surname389,46877903,email389@example.com,Male,International,Earth & Space Science & Engineering,Entrepreneurship,Building and collecting model trains,Collaboration and teamwork,"['Friday morning', 'Thursday evening', 'Tuesday afternoon']"
Name390,Surname390,54730028,email390@example.com,Other/Prefer not to say,International,Civil Engineering,Entrepreneurship,Playing board games with friends,Integrity,"['Tuesday evening', 'Monday afternoon', 'Friday afternoon']"
Name391,Surname391,54299263,email391@example.com,Male,Domestic,Civil Engineering,Research,Camping,Ambition and achievement,"['Friday morning', 'Friday afternoon', 'Thursday morning']"
Name392,Surname392,80311440,email392@example.com,Male,International,Earth & Space Science & Engineering,Entrepreneurship,Volunteering,Concern for others,"['Monday afternoon', 'Monday evening', 'Friday evening']"
Name393,Surname393,74199602,email393@example.com,Female,International,Earth & Space Science & Engineering,Research,I travel a lot and spend quality time with my family,Creativity,"['Tuesday afternoon', 'Wednesday evening', 'Monday morning']"
Name394,Surname394,96626902,email394@example.com,Male,International,Mechanical Engineering,Unsure,I don’t really have any hobbies,Growth and learning,"['Thursday afternoon', 'Tuesday morning', 'Tuesday afternoon']"
Name395,Surname395,49659943,email395@example.com,Male,International,Earth & Space Science & Engineering,Corporate,Hanging out with friends on weekends,Creativity,"['Thursday evening', 'Monday morning', 'Wednesday morning']"
Name396,Surname396,12226944,email396@example.com,Other/Prefer not to say,International,Electrical Engineering & Computer Science,Corporate,I don’t really have any hobbies,Concern for others,"['Friday morning', 'Wednesday morning', 'Monday morning']"
Name397,Surname397,66522250,email397@example.com,Other/Prefer not to say,Domestic,Earth & Space Science & Engineering,Non-profit,I like boxing to stay fit,Integrity,"['Friday morning', 'Thursday afternoon', 'Monday afternoon']"
Name398,Surname398,38852749,email398@example.com,Other/Prefer not to say,International,Mechanical Engineering,Non-profit,Participating in community events and activities,Integrity,"['Wednesday morning', 'Friday evening', 'Tuesday morning']"
Name399,Surname399,62119319,email399@example.com,Female,Domestic,Civil Engineering,Research,Exploring antique shops for unique finds,Ambition and achievement,"['Monday afternoon', 'Friday afternoon', 'Thursday afternoon']"
